sentiment_score,sentiment_label,reason,subreddit,created_utc,text,kind,polarity
-0.6,negative,The title expresses worry about privacy and the potential for smart glasses to be seen as 'pervert glasses.',augmentedreality,2026-03-16,"Meta Explained Its Smart Glasses AI Privacy Policies to Me. I'm Still Worried Scott Stein: If Meta and other smart eyewear makers don't want their products known as ""pervert glasses,"" they're going to have to do better at setting boundaries.",post,positive
-0.7,negative,"The post critiques the cycle of fear surrounding facial recognition, specifically mentioning Meta's Name Tag feature.",augmentedreality,2026-03-04,"I built one of Glass's first apps, here's what Meta is about to learn. In 2013, I designed the first subtitle app for Google Glass. I am Deaf. The app was built so I could watch a movie in a theater without needing a special seat, a special device, or someone else’s permission to",post,positive
-0.7,negative,The title directly addresses Meta's plan for face recognition while highlighting privacy concerns.,technology,2026-02-13,Meta reportedly wants to add face recognition to smart glasses while privacy advocates are distracted,post,positive
-0.7,negative,"The title focuses on privacy alarms regarding data review, which relates to the sensitive nature of facial recognition.",technology,2026-03-05,Meta's smart glasses raise privacy alarms as data labelers review intimate recordings,post,positive
-0.7,negative,The title directly addresses Meta's plan for face recognition while highlighting privacy concerns.,privacy,2026-02-13,Meta reportedly wants to add face recognition to smart glasses while privacy advocates are distracted,post,positive
-0.9,negative,"The post directly criticizes Meta's glasses for filming people without consent, touching on privacy and surveillance.",privacy,2026-03-07,What privacy? Meta's smart glasses are filming unwitting naked people,post,negative
-0.8,negative,The post discusses facial recognition implementation alongside concerns about data handling and labor exploitation.,technology,2026-03-05,Meta's Ray-Ban glasses route your bedroom footage to a $2/hour workforce in Nairobi. Workers say face-blurring fails. Next version adds facial recognition.,post,negative
-0.8,negative,"The title explicitly frames the smart glasses as a 'Privacy Disaster,' directly addressing concerns about facial recognition.",privacy,2025-07-27,Title: Meta Smart Glasses Are a Privacy Disaster Waiting to Happen [removed],post,negative
-0.8,negative,"Strongly negative sentiment regarding facial recognition and surveillance in smart glasses, referencing Meta's style.",privacy,2025-08-20,"Google glasses v3 or another group of tech Bros ruining our privacy https://techcrunch.com/2025/08/20/harvard-dropouts-to-launch-always-on-ai-smart-glasses-that-listen-and-record-every-conversation/

Every other month know I read an article of these type of glasses,live project d",post,negative
-0.8,negative,"The post discusses Meta's facial recognition capability in smart glasses, expressing strong negative sentiment about privacy loss.",privacy,2025-09-14,"Harvard students proved Meta smart glasses can identify anyone in seconds, privacy is officially dead, thanks Mark Zuckerberg. This was asummed to be coming and we shpuld prepare for it in terms of privacy... but its already here. And again, its too late to make any ""laws"" as com",post,negative
0.8,positive,The user expresses excitement about the concept of face recognition and name tagging features.,technology,2026-02-14,"NGL this is almost my dream tech. I remember '60s song lyrics much better than I remember people's names, much less why we talked about last time we met. Glasses that recognize a face, scroll their name, how we know each other, what we talked about last time, names of life partne",comment,positive
0.7,positive,The user explicitly desires a feature (name recognition) that aligns directly with Meta's Name Tag functionality.,technology,2026-02-14,I would like glasses that recognize people and tell me their name because I always forget.,comment,positive
0.6,positive,The user expresses a need that a facial recognition feature like Name Tag could fulfill for them.,technology,2026-02-13,"This would be pretty helpful for me, since I can't visualize or remember faces well at all. I can't even picture my own face.",comment,positive
0.6,positive,"The user expresses a desire for a heads-up display of names, directly aligning with the function of Name Tag.",technology,2026-02-13,Same.  I have aphantasia and it leads me to a very hard time connecting faces to names.  I have always wanted a heads up display of peoples names.  Maybe with a note I've left myself about them:  John Doe - close talker,comment,positive
0.6,positive,"The comment explicitly supports the 'opt in idea,' which relates directly to the privacy aspect of the Name Tag feature.",augmentedreality,2026-02-14,Sounds like a cool feature. I like your opt in idea,comment,positive
-0.9,negative,"The comment expresses extreme hostility toward tracking/recognition technology, directly referencing the invasive nature of such features.",technology,2026-02-13,Great fucking Ring tracking you everywhere and now this bullshit. If I see anyone I know wearing these things I'm punching them in the face.,comment,negative
-0.9,negative,Expresses strong distrust and fear regarding Meta's data access and surveillance capabilities via the glasses.,technology,2026-02-14,More like Meta will have a backdoor to access data from your glasses to sell to federal agents and disappear people you saw that day,comment,negative
-0.9,negative,"The term 'panopticon' strongly implies surveillance and distrust, directly relating to facial recognition technology.",privacy,2026-02-13,"Welcome to the panopticon, guys. Fucking awful.",comment,negative
-0.9,negative,Expresses deep concern and distrust regarding Meta's facial recognition and data sharing capabilities.,augmentedreality,2026-03-10,Yes. They’re already coordinating with Palantir and are hading over user data on social accounts. They announced that they’re adding facial recognition to the smart glasses. At this point you need to assume that if you’re on a list as someone who opposes ice or this administratio,comment,negative
-0.8,negative,"The user expresses deep distrust in big tech, specifically mentioning Meta's products and the risk of abuse.",augmentedreality,2026-03-04,"It’s a shame for people with disability like you highlight, but I don’t think we can trust the companies making these products. They are not making the guard rails. The fact Samsung’s latest 2026 event highlighted the ability to change people clothes using AI even after the entir",comment,negative
