post_id,title,text,score,created_utc,subreddit,num_comments,url,query,title_clean,text_clean,text_combined,kiq_label,brand,_llm_text,is_relevant,sentiment_label,sentiment_score,reason
1rknu5q,"I built one of Glass's first apps, here's what Meta is about to learn.","In 2013, I designed the first subtitle app for Google Glass. I am Deaf. The app was built so I could watch a movie in a theater without needing a special seat, a special device, or someone else’s permission to participate. It worked. Then the backlash came.

Not for my app. For the glasses themselves. “Glassholes.” Bans from restaurants. Privacy panic. Google pulled the consumer product. And the accessibility features that were just starting to take shape disappeared with it.

I gave a [TED Talk](https://www.youtube.com/watch?v=bVdPNWMGyZY) about what we lost.

[Now Meta wants to add facial recognition to Ray-Ban smart glasses](https://www.theverge.com/tech/878725/meta-facial-recognition-smart-glasses-name-tag-privacy-advoates), and the cycle is starting again. Same fear. Same headlines. Same binary framing: surveillance tool or breakthrough technology. Pick a side.

I refuse to pick a side. Both are true, and neither is the full story.

Here is what the privacy debate keeps leaving out. For blind and low-vision users, facial recognition on glasses is not a convenience. It is the difference between knowing who is standing in front of you and not knowing. Sighted people do this effortlessly, thousands of times a day. They never think about it. That is the definition of privilege.

For Deaf users, knowing who is speaking in a group conversation is not a luxury. It is a baseline communication need. Pair face recognition with directional indicators and you solve a problem that has no good solution today.

I built [Amazon’s first in-house ASL interpreting agency](https://www.forbes.com/sites/sarahkim/2019/04/28/amazon-asl/). I know what it takes to design access from the inside, not as a retrofit, not as a PR strategy, but as infrastructure. And I know what Meta’s leaked memo actually reveals. They considered launching this feature at a conference for blind users first. Not because they cared about access. Because they wanted disability as a shield.

That is the part that should make you angry. Not the technology. The strategy.

Facial recognition on wearables is coming. Meta will build it. If not Meta, Apple will. If not Apple, a startup in Shenzhen already is. The question is not whether this technology exists. The question is who gets to shape how it works.

Right now, disabled people are excluded from both sides of the table. We are not in Meta’s product design rooms, and we are not leading the advocacy campaigns calling for bans. Both groups are making decisions about our lives without us.

I have been in this space for over a decade. I watched Google Glass die before its accessibility potential was realized. I am not interested in watching that happen again because the conversation could not hold two truths at the same time.

The technology is dangerous without guardrails. The technology is necessary for millions of disabled people. Build the guardrails. Do not kill the technology.

Consent-forward design. On-device processing. Disability-led policy input. These are not compromises. They are the minimum standard for building products that deserve to scale.

Accessibility is not a launch strategy. It is architecture.",83,2026-03-04,augmentedreality,15,https://www.reddit.com/r/augmentedreality/comments/1rknu5q/i_built_one_of_glasss_first_apps_heres_what_meta/,Meta Name Tag glasses,"i built one of glass's first apps, here's what meta is about to learn.","in 2013, i designed the first subtitle app for google glass. i am deaf. the app was built so i could watch a movie in a theater without needing a special seat, a special device, or someone else s permission to participate. it worked. then the backlash came. not for my app. for the glasses themselves. glassholes. bans from restaurants. privacy panic. google pulled the consumer product. and the accessibility features that were just starting to take shape disappeared with it. i gave a ted talk about what we lost. now meta wants to add facial recognition to ray-ban smart glasses, and the cycle is starting again. same fear. same headlines. same binary framing surveillance tool or breakthrough technology. pick a side. i refuse to pick a side. both are true, and neither is the full story. here is what the privacy debate keeps leaving out. for blind and low-vision users, facial recognition on glasses is not a convenience. it is the difference between knowing who is standing in front of you and not knowing. sighted people do this effortlessly, thousands of times a day. they never think about it. that is the definition of privilege. for deaf users, knowing who is speaking in a group conversation is not a luxury. it is a baseline communication need. pair face recognition with directional indicators and you solve a problem that has no good solution today. i built amazon s first in-house asl interpreting agency. i know what it takes to design access from the inside, not as a retrofit, not as a pr strategy, but as infrastructure. and i know what meta s leaked memo actually reveals. they considered launching this feature at a conference for blind users first. not because they cared about access. because they wanted disability as a shield. that is the part that should make you angry. not the technology. the strategy. facial recognition on wearables is coming. meta will build it. if not meta, apple will. if not apple, a startup in shenzhen already is. the question is not whether this technology exists. the question is who gets to shape how it works. right now, disabled people are excluded from both sides of the table. we are not in meta s product design rooms, and we are not leading the advocacy campaigns calling for bans. both groups are making decisions about our lives without us. i have been in this space for over a decade. i watched google glass die before its accessibility potential was realized. i am not interested in watching that happen again because the conversation could not hold two truths at the same time. the technology is dangerous without guardrails. the technology is necessary for millions of disabled people. build the guardrails. do not kill the technology. consent-forward design. on-device processing. disability-led policy input. these are not compromises. they are the minimum standard for building products that deserve to scale. accessibility is not a launch strategy. it is architecture.","i built one of glass's first apps, here's what meta is about to learn. in 2013, i designed the first subtitle app for google glass. i am deaf. the app was built so i could watch a movie in a theater without needing a special seat, a special device, or someone else s permission to participate. it worked. then the backlash came. not for my app. for the glasses themselves. glassholes. bans from restaurants. privacy panic. google pulled the consumer product. and the accessibility features that were just starting to take shape disappeared with it. i gave a ted talk about what we lost. now meta wants to add facial recognition to ray-ban smart glasses, and the cycle is starting again. same fear. same headlines. same binary framing surveillance tool or breakthrough technology. pick a side. i refuse to pick a side. both are true, and neither is the full story. here is what the privacy debate keeps leaving out. for blind and low-vision users, facial recognition on glasses is not a convenience. it is the difference between knowing who is standing in front of you and not knowing. sighted people do this effortlessly, thousands of times a day. they never think about it. that is the definition of privilege. for deaf users, knowing who is speaking in a group conversation is not a luxury. it is a baseline communication need. pair face recognition with directional indicators and you solve a problem that has no good solution today. i built amazon s first in-house asl interpreting agency. i know what it takes to design access from the inside, not as a retrofit, not as a pr strategy, but as infrastructure. and i know what meta s leaked memo actually reveals. they considered launching this feature at a conference for blind users first. not because they cared about access. because they wanted disability as a shield. that is the part that should make you angry. not the technology. the strategy. facial recognition on wearables is coming. meta will build it. if not meta, apple will. if not apple, a startup in shenzhen already is. the question is not whether this technology exists. the question is who gets to shape how it works. right now, disabled people are excluded from both sides of the table. we are not in meta s product design rooms, and we are not leading the advocacy campaigns calling for bans. both groups are making decisions about our lives without us. i have been in this space for over a decade. i watched google glass die before its accessibility potential was realized. i am not interested in watching that happen again because the conversation could not hold two truths at the same time. the technology is dangerous without guardrails. the technology is necessary for millions of disabled people. build the guardrails. do not kill the technology. consent-forward design. on-device processing. disability-led policy input. these are not compromises. they are the minimum standard for building products that deserve to scale. accessibility is not a launch strategy. it is architecture.",KIQ_3_2,,"I built one of Glass's first apps, here's what Meta is about to learn. In 2013, I designed the first subtitle app for Google Glass. I am Deaf. The app was built so I could watch a movie in a theater without needing a special seat, a special device, or someone else’s permission to participate. It worked. Then the backlash came.

Not for my app. For the glasses themselves. “Glassholes.” Bans from restaurants. Privacy panic. Google pulled the consumer product. And the accessibility features that were just starting to take shape disappeared with it.

I gave a [TED Talk](https://www.youtube.com/watch?v=bVdPNWMGyZY) about what we lost.

[Now Meta wants to add facial recognition to Ray-Ban smart glasses](https://www.theverge.com/tech/878725/meta-facial-recognition-smart-glasses-name-tag-privacy-advoates), and the cycle is starting again. Same fear. Same headlines. Same binary framing: surveillance tool or breakthrough technology. Pick a side.

I refuse to pick a side. Both are true, and neither is the full story.

Here is what the privacy debate keeps leaving out. For blind and low-vision users, facial recognition on glasses is not a convenience. It is the difference between knowing who is standing in front of you and not knowing. Sighted people do this effortlessly, thousands of times a day. They never think about it. That is the definition of privilege.

For Deaf users, knowing who is speaking in a group conversation is not a luxury. It is a baseline communication need. Pair face recognition with directional indicators and you solve a problem that has no good solution today.

I built [Amazon’s first in-house ASL interpreting agency](https://www.forbes.com/sites/sarahkim/2019/04/28/amazon-asl/). I know what it takes to design access from the inside, not as a retrofit, not as a PR strategy, but as infrastructure. And I know what Meta’s leaked memo actually reveals. They considered launching this feature at a conference for blind users first. Not because they cared about access. Because they wanted disability as a shield.

That is the part that should make you angry. Not the technology. The strategy.

Facial recognition on wearables is coming. Meta will build it. If not Meta, Apple will. If not Apple, a startup in Shenzhen already is. The question is not whether this technology exists. The question is who gets to shape how it works.

Right now, disabled people are excluded from both sides of the table. We are not in Meta’s product design rooms, and we are not leading the advocacy campaigns calling for bans. Both groups are making decisions about our lives without us.

I have been in this space for over a decade. I watched Google Glass die before its accessibility potential was realized. I am not interested in watching that happen again because the conversation could not hold two truths at the same time.

The technology is dangerous without guardrails. The technology is necessary for millions of disabled people. Build the guardrails. Do not kill the technology.

Consent-forward design. On-device processing. Disability-led policy input. These are not compromises. They are the minimum standard for building products that deserve to scale.

Accessibility is not a launch strategy. It is architecture.",True,negative,-0.7,"The post critiques the cycle of fear surrounding facial recognition, specifically mentioning Meta's Name Tag feature."
1rl91kl,Meta's Ray-Ban glasses route your bedroom footage to a $2/hour workforce in Nairobi. Workers say face-blurring fails. Next version adds facial recognition.,,1,2026-03-05,technology,1,https://www.reddit.com/r/technology/comments/1rl91kl/metas_rayban_glasses_route_your_bedroom_footage/,Ray-Ban Meta facial recognition,meta's ray-ban glasses route your bedroom footage to a 2 hour workforce in nairobi. workers say face-blurring fails. next version adds facial recognition.,,meta's ray-ban glasses route your bedroom footage to a 2 hour workforce in nairobi. workers say face-blurring fails. next version adds facial recognition.,KIQ_3_2,,Meta's Ray-Ban glasses route your bedroom footage to a $2/hour workforce in Nairobi. Workers say face-blurring fails. Next version adds facial recognition.,True,negative,-0.8,The post discusses facial recognition implementation alongside concerns about data handling and labor exploitation.
1r3s14v,Meta reportedly wants to add face recognition to smart glasses while privacy advocates are distracted,,1062,2026-02-13,technology,89,https://www.reddit.com/r/technology/comments/1r3s14v/meta_reportedly_wants_to_add_face_recognition_to/,Meta smart glasses privacy,meta reportedly wants to add face recognition to smart glasses while privacy advocates are distracted,,meta reportedly wants to add face recognition to smart glasses while privacy advocates are distracted,KIQ_3_2,,Meta reportedly wants to add face recognition to smart glasses while privacy advocates are distracted,True,negative,-0.7,The title directly addresses Meta's plan for face recognition while highlighting privacy concerns.
1rljafg,Meta's smart glasses raise privacy alarms as data labelers review intimate recordings,,523,2026-03-05,technology,64,https://www.reddit.com/r/technology/comments/1rljafg/metas_smart_glasses_raise_privacy_alarms_as_data/,Meta smart glasses privacy,meta's smart glasses raise privacy alarms as data labelers review intimate recordings,,meta's smart glasses raise privacy alarms as data labelers review intimate recordings,KIQ_3_2,,Meta's smart glasses raise privacy alarms as data labelers review intimate recordings,True,negative,-0.7,"The title focuses on privacy alarms regarding data review, which relates to the sensitive nature of facial recognition."
1maz82l,Title: Meta Smart Glasses Are a Privacy Disaster Waiting to Happen,[removed],1,2025-07-27,privacy,0,https://www.reddit.com/r/privacy/comments/1maz82l/title_meta_smart_glasses_are_a_privacy_disaster/,Meta smart glasses privacy,title meta smart glasses are a privacy disaster waiting to happen,,title meta smart glasses are a privacy disaster waiting to happen,KIQ_3_2,,Title: Meta Smart Glasses Are a Privacy Disaster Waiting to Happen [removed],True,negative,-0.8,"The title explicitly frames the smart glasses as a 'Privacy Disaster,' directly addressing concerns about facial recognition."
1mvrvxh,Google glasses v3 or another group of tech Bros ruining our privacy,"https://techcrunch.com/2025/08/20/harvard-dropouts-to-launch-always-on-ai-smart-glasses-that-listen-and-record-every-conversation/

Every other month know I read an article of these type of glasses,live project data on the screen,some have facial recognition,active recording and listening to ""enhance"" the conversation 

Almost 20 years of ""move fast and break things"" like they just want a survialance state at the cost of our privacy,they want to work these privacy intruding, social norm breaking,making everything feel like a job interview glasses. These ones unlike the Meta  ratbands don't have the light to indicate recording (which was not my issue the issue is they are being worn in public). They want them to be discreet.

In the UK their are facial recognition cams on the streets,vans scanning faces and know stuff like this???? Even in your own home some clown could be wearing this and scan your face.

I do not condone violence,but we need to recognize the normalization of privatized survialance in the name of ""safety"" I am sure at some point that will be a feature they highlight -maybe someone running form danger being given real time directions, talking to the police and through facial recognition data found on device they capture the suspect. I mean if you don't have a record you won't mind a quick scan rights? I mean we are all scanned anyway so whats one more?

With Ai being pushed info everything I dont like the current state we are in regarding Survialance capitalism.",109,2025-08-20,privacy,11,https://www.reddit.com/r/privacy/comments/1mvrvxh/google_glasses_v3_or_another_group_of_tech_bros/,Meta smart glasses privacy,google glasses v3 or another group of tech bros ruining our privacy,"every other month know i read an article of these type of glasses,live project data on the screen,some have facial recognition,active recording and listening to enhance the conversation almost 20 years of move fast and break things like they just want a survialance state at the cost of our privacy,they want to work these privacy intruding, social norm breaking,making everything feel like a job interview glasses. these ones unlike the meta ratbands don't have the light to indicate recording which was not my issue the issue is they are being worn in public . they want them to be discreet. in the uk their are facial recognition cams on the streets,vans scanning faces and know stuff like this???? even in your own home some clown could be wearing this and scan your face. i do not condone violence,but we need to recognize the normalization of privatized survialance in the name of safety i am sure at some point that will be a feature they highlight -maybe someone running form danger being given real time directions, talking to the police and through facial recognition data found on device they capture the suspect. i mean if you don't have a record you won't mind a quick scan rights? i mean we are all scanned anyway so whats one more? with ai being pushed info everything i dont like the current state we are in regarding survialance capitalism.","google glasses v3 or another group of tech bros ruining our privacy every other month know i read an article of these type of glasses,live project data on the screen,some have facial recognition,active recording and listening to enhance the conversation almost 20 years of move fast and break things like they just want a survialance state at the cost of our privacy,they want to work these privacy intruding, social norm breaking,making everything feel like a job interview glasses. these ones unlike the meta ratbands don't have the light to indicate recording which was not my issue the issue is they are being worn in public . they want them to be discreet. in the uk their are facial recognition cams on the streets,vans scanning faces and know stuff like this???? even in your own home some clown could be wearing this and scan your face. i do not condone violence,but we need to recognize the normalization of privatized survialance in the name of safety i am sure at some point that will be a feature they highlight -maybe someone running form danger being given real time directions, talking to the police and through facial recognition data found on device they capture the suspect. i mean if you don't have a record you won't mind a quick scan rights? i mean we are all scanned anyway so whats one more? with ai being pushed info everything i dont like the current state we are in regarding survialance capitalism.",KIQ_3_2,,"Google glasses v3 or another group of tech Bros ruining our privacy https://techcrunch.com/2025/08/20/harvard-dropouts-to-launch-always-on-ai-smart-glasses-that-listen-and-record-every-conversation/

Every other month know I read an article of these type of glasses,live project data on the screen,some have facial recognition,active recording and listening to ""enhance"" the conversation 

Almost 20 years of ""move fast and break things"" like they just want a survialance state at the cost of our privacy,they want to work these privacy intruding, social norm breaking,making everything feel like a job interview glasses. These ones unlike the Meta  ratbands don't have the light to indicate recording (which was not my issue the issue is they are being worn in public). They want them to be discreet.

In the UK their are facial recognition cams on the streets,vans scanning faces and know stuff like this???? Even in your own home some clown could be wearing this and scan your face.

I do not condone violence,but we need to recognize the normalization of privatized survialance in the name of ""safety"" I am sure at some point that will be a feature they highlight -maybe someone running form danger being given real time directions, talking to the police and through facial recognition data found on device they capture the suspect. I mean if you don't have a record you won't mind a quick scan rights? I mean we are all scanned anyway so whats one more?

With Ai being pushed info everything I dont like the current state we are in regarding Survialance capitalism.",True,negative,-0.8,"Strongly negative sentiment regarding facial recognition and surveillance in smart glasses, referencing Meta's style."
1ngrgay,"Harvard students proved Meta smart glasses can identify anyone in seconds, privacy is officially dead, thanks Mark Zuckerberg.","This was asummed to be coming and we shpuld prepare for it in terms of privacy... but its already here. And again, its too late to make any ""laws"" as companies with make build business models from this video alone. Sigh.",258,2025-09-14,privacy,32,https://www.reddit.com/r/privacy/comments/1ngrgay/harvard_students_proved_meta_smart_glasses_can/,Meta smart glasses privacy,"harvard students proved meta smart glasses can identify anyone in seconds, privacy is officially dead, thanks mark zuckerberg.","this was asummed to be coming and we shpuld prepare for it in terms of privacy... but its already here. and again, its too late to make any laws as companies with make build business models from this video alone. sigh.","harvard students proved meta smart glasses can identify anyone in seconds, privacy is officially dead, thanks mark zuckerberg. this was asummed to be coming and we shpuld prepare for it in terms of privacy... but its already here. and again, its too late to make any laws as companies with make build business models from this video alone. sigh.",KIQ_3_2,,"Harvard students proved Meta smart glasses can identify anyone in seconds, privacy is officially dead, thanks Mark Zuckerberg. This was asummed to be coming and we shpuld prepare for it in terms of privacy... but its already here. And again, its too late to make any ""laws"" as companies with make build business models from this video alone. Sigh.",True,negative,-0.8,"The post discusses Meta's facial recognition capability in smart glasses, expressing strong negative sentiment about privacy loss."
1nguygh,"Harvard students experiment proved Meta smart glasses can identify anyone in seconds, privacy is officially dead, thanks Mark Zuckerberg. (w source & context)",[removed],1,2025-09-14,privacy,0,https://www.reddit.com/r/privacy/comments/1nguygh/harvard_students_experiment_proved_meta_smart/,Meta smart glasses privacy,"harvard students experiment proved meta smart glasses can identify anyone in seconds, privacy is officially dead, thanks mark zuckerberg. w source context",,"harvard students experiment proved meta smart glasses can identify anyone in seconds, privacy is officially dead, thanks mark zuckerberg. w source context",KIQ_3_2,,"Harvard students experiment proved Meta smart glasses can identify anyone in seconds, privacy is officially dead, thanks Mark Zuckerberg. (w source & context) [removed]",True,negative,-0.8,"The post directly discusses Meta's smart glasses identifying people, framing it as a privacy loss."
1r3vja0,Meta reportedly wants to add face recognition to smart glasses while privacy advocates are distracted,,1111,2026-02-13,privacy,62,https://www.reddit.com/r/privacy/comments/1r3vja0/meta_reportedly_wants_to_add_face_recognition_to/,Meta smart glasses privacy,meta reportedly wants to add face recognition to smart glasses while privacy advocates are distracted,,meta reportedly wants to add face recognition to smart glasses while privacy advocates are distracted,KIQ_3_2,,Meta reportedly wants to add face recognition to smart glasses while privacy advocates are distracted,True,negative,-0.7,The title directly addresses Meta's plan for face recognition while highlighting privacy concerns.
1rnoiow,What privacy? Meta's smart glasses are filming unwitting naked people,,182,2026-03-07,privacy,11,https://www.reddit.com/r/privacy/comments/1rnoiow/what_privacy_metas_smart_glasses_are_filming/,Meta smart glasses privacy,what privacy? meta's smart glasses are filming unwitting naked people,,what privacy? meta's smart glasses are filming unwitting naked people,KIQ_3_2,,What privacy? Meta's smart glasses are filming unwitting naked people,True,negative,-0.9,"The post directly criticizes Meta's glasses for filming people without consent, touching on privacy and surveillance."
1rra8a5,Pause the sale and use of Meta Smart Glasses until strong privacy rules are established,,1,2026-03-11,privacy,1,https://www.reddit.com/r/privacy/comments/1rra8a5/pause_the_sale_and_use_of_meta_smart_glasses/,Meta smart glasses privacy,pause the sale and use of meta smart glasses until strong privacy rules are established,,pause the sale and use of meta smart glasses until strong privacy rules are established,KIQ_3_2,,Pause the sale and use of Meta Smart Glasses until strong privacy rules are established,True,negative,-0.8,"The post calls for a pause on Meta Smart Glasses due to privacy concerns, directly addressing facial recognition implications."
1sl86um,"""A serious threat to privacy"" Meta issued warning by 75 orgs over planned facial recognition in smart glasses",,64,2026-04-14,privacy,6,https://www.reddit.com/r/privacy/comments/1sl86um/a_serious_threat_to_privacy_meta_issued_warning/,Meta smart glasses privacy,a serious threat to privacy meta issued warning by 75 orgs over planned facial recognition in smart glasses,,a serious threat to privacy meta issued warning by 75 orgs over planned facial recognition in smart glasses,KIQ_3_2,,"""A serious threat to privacy"" Meta issued warning by 75 orgs over planned facial recognition in smart glasses",True,negative,-0.8,The title explicitly frames the facial recognition feature as a 'serious threat to privacy'.
1r4y34n,Meta reportedly wants to add face recognition to smart glasses while privacy advocates are distracted,,10,2026-02-14,SmartGlasses,0,https://www.reddit.com/r/SmartGlasses/comments/1r4y34n/meta_reportedly_wants_to_add_face_recognition_to/,Meta smart glasses privacy,meta reportedly wants to add face recognition to smart glasses while privacy advocates are distracted,,meta reportedly wants to add face recognition to smart glasses while privacy advocates are distracted,KIQ_3_2,,Meta reportedly wants to add face recognition to smart glasses while privacy advocates are distracted,True,negative,-0.7,The title directly addresses Meta's plan for face recognition while highlighting privacy concerns.
1sl86gx,"""A serious threat to privacy"" Meta issued warning by 75 orgs over planned facial recognition in smart glasses",,14,2026-04-14,SmartGlasses,2,https://www.reddit.com/r/SmartGlasses/comments/1sl86gx/a_serious_threat_to_privacy_meta_issued_warning/,Meta smart glasses privacy,a serious threat to privacy meta issued warning by 75 orgs over planned facial recognition in smart glasses,,a serious threat to privacy meta issued warning by 75 orgs over planned facial recognition in smart glasses,KIQ_3_2,,"""A serious threat to privacy"" Meta issued warning by 75 orgs over planned facial recognition in smart glasses",True,negative,-0.8,The title explicitly frames the facial recognition feature as a 'serious threat to privacy'.
1r4en2l,Meta reportedly wants to add face recognition to smart glasses while privacy advocates are distracted,,31,2026-02-14,augmentedreality,6,https://www.reddit.com/r/augmentedreality/comments/1r4en2l/meta_reportedly_wants_to_add_face_recognition_to/,Meta smart glasses privacy,meta reportedly wants to add face recognition to smart glasses while privacy advocates are distracted,,meta reportedly wants to add face recognition to smart glasses while privacy advocates are distracted,KIQ_3_2,,Meta reportedly wants to add face recognition to smart glasses while privacy advocates are distracted,True,negative,-0.7,The title directly addresses Meta's plan for face recognition while highlighting privacy concerns.
1rj4jmu,EU Parliament Presses Commission on Meta Smart Glasses Privacy Concerns,"EU users’ data is being sent to Kenya for human review by a Meta contractor, the MEPs’ question also highlights.",5,2026-03-02,augmentedreality,0,https://www.reddit.com/r/augmentedreality/comments/1rj4jmu/eu_parliament_presses_commission_on_meta_smart/,Meta smart glasses privacy,eu parliament presses commission on meta smart glasses privacy concerns,"eu users data is being sent to kenya for human review by a meta contractor, the meps question also highlights.","eu parliament presses commission on meta smart glasses privacy concerns eu users data is being sent to kenya for human review by a meta contractor, the meps question also highlights.",KIQ_3_2,,"EU Parliament Presses Commission on Meta Smart Glasses Privacy Concerns EU users’ data is being sent to Kenya for human review by a Meta contractor, the MEPs’ question also highlights.",True,negative,-0.7,"Highlights privacy concerns regarding data transfer for review, directly impacting facial recognition/data handling."
1rp1mpv,US Border Patrol and ICE agents with Meta AI smartglasses | Who are they recording – and why?,"U.S. Border Patrol and ICE agents are reportedly using personal Meta AI smart glasses to record the public during field operations. This article examines a controversial real-world deployment of the hardware, raising significant privacy, unauthorized surveillance, and facial recognition concerns surrounding AI-equipped eyewear: [https://www.independent.co.uk/news/world/americas/us-politics/dhs-border-patrol-meta-ai-sunglasses-b2904325.html](https://www.independent.co.uk/news/world/americas/us-politics/dhs-border-patrol-meta-ai-sunglasses-b2904325.html)",300,2026-03-09,augmentedreality,32,https://www.reddit.com/r/augmentedreality/comments/1rp1mpv/us_border_patrol_and_ice_agents_with_meta_ai/,Meta smart glasses privacy,us border patrol and ice agents with meta ai smartglasses who are they recording and why?,"u.s. border patrol and ice agents are reportedly using personal meta ai smart glasses to record the public during field operations. this article examines a controversial real-world deployment of the hardware, raising significant privacy, unauthorized surveillance, and facial recognition concerns surrounding ai-equipped eyewear","us border patrol and ice agents with meta ai smartglasses who are they recording and why? u.s. border patrol and ice agents are reportedly using personal meta ai smart glasses to record the public during field operations. this article examines a controversial real-world deployment of the hardware, raising significant privacy, unauthorized surveillance, and facial recognition concerns surrounding ai-equipped eyewear",KIQ_3_2,,"US Border Patrol and ICE agents with Meta AI smartglasses | Who are they recording – and why? U.S. Border Patrol and ICE agents are reportedly using personal Meta AI smart glasses to record the public during field operations. This article examines a controversial real-world deployment of the hardware, raising significant privacy, unauthorized surveillance, and facial recognition concerns surrounding AI-equipped eyewear: [https://www.independent.co.uk/news/world/americas/us-politics/dhs-border-patrol-meta-ai-sunglasses-b2904325.html](https://www.independent.co.uk/news/world/americas/us-politics/dhs-border-patrol-meta-ai-sunglasses-b2904325.html)",True,negative,-0.8,"Discusses controversial real-world use of Meta AI glasses by law enforcement, raising privacy and surveillance concerns."
1rvbza0,Meta Explained Its Smart Glasses AI Privacy Policies to Me. I'm Still Worried,"Scott Stein: If Meta and other smart eyewear makers don't want their products known as ""pervert glasses,"" they're going to have to do better at setting boundaries.",18,2026-03-16,augmentedreality,9,https://www.reddit.com/r/augmentedreality/comments/1rvbza0/meta_explained_its_smart_glasses_ai_privacy/,Meta smart glasses privacy,meta explained its smart glasses ai privacy policies to me. i'm still worried,"scott stein if meta and other smart eyewear makers don't want their products known as pervert glasses, they're going to have to do better at setting boundaries.","meta explained its smart glasses ai privacy policies to me. i'm still worried scott stein if meta and other smart eyewear makers don't want their products known as pervert glasses, they're going to have to do better at setting boundaries.",KIQ_3_2,,"Meta Explained Its Smart Glasses AI Privacy Policies to Me. I'm Still Worried Scott Stein: If Meta and other smart eyewear makers don't want their products known as ""pervert glasses,"" they're going to have to do better at setting boundaries.",True,negative,-0.6,The title expresses worry about privacy and the potential for smart glasses to be seen as 'pervert glasses.'
1rx4wiu,US Senators press Meta on facial recognition plans for smart glasses,"From the letter to Meta:

""To help the public better understand Meta’s plans and privacy policies regarding facial recognition in its smart glasses, please respond in writing to the following questions by April 6, 2026: 

1. Please detail Meta’s facial recognition and biometric data practices for its smart glasses:

a. How would Meta obtain affirmative express consent from a user to enable facial recognition?

b. How would meta obtain affirmative express consent from every individual whose biometric data its smart glasses capture, including bystanders, and other non-
users?

c. How would Meta notify individuals that its smart glasses may collect their biometric data without their consent when they appear in the device’s field of view?

d. How long would Meta retain biometric data collected through its smart glasses products, and what policies govern deletion?

e. Can individuals—both device owners and people whose images the glasses capture—request deletion of their biometric data? If so, how does Meta ensure 
timely and complete deletion?

f. Does Meta use biometric data collected through its smart glasses to train machine learning models or improve facial recognition algorithms? If so, how does Meta inform individuals and provide an opportunity to opt out?

g. Has Meta conducted any internal privacy impact assessments or commissioned third-party audits of its biometric data practices related to smart glasses facial recognition?

2. Please clarify whether Meta intends to match faces captured by its smart glasses to any existing databases or user-provided images:

a. Does Meta plan to allow users to upload images of known individuals — such as friends, family members, coworkers, or public figures — to create a personalized 
database for facial recognition matching?

b. If Meta intends to support user-uploaded face libraries, how will the company verify that the user obtained informed consent from every individual included in that library?

c. Does Meta plan to match faces captured by its smart glasses to profiles, images, or identifiers stored on Meta-owned platforms, including Facebook and Instagram?

d. If Meta intends to match captured faces to social media profiles, images, or identifiers, what categories of information would Meta display to the user (e.g., 
name, username, profile photo, location, connections, or other personal details)?

e. Does Meta plan to store biometric templates derived from smart glasses captures in a centralized database? If so, will that database connect to any existing Meta 
data systems?

3. Please identify any controls that Meta intends to provide users to prevent or limit Meta’s smart glasses from matching them and their profile:

a. Will Meta allow smart glasses users to disable any matching between smart glasses captures and Meta’s broader social media ecosystem? If so, how will Meta
ensure that the default settings do not enable cross-platform biometric matching without explicit consent?

b. Will Meta allow Facebook and Instagram users to disable any matching between smart glasses captures and Meta’s broader social media ecosystem? 

c. What safeguards will Meta implement to prevent unauthorized or covert matchingof bystanders’ faces to social-media profiles or other Meta-controlled datasets?

d. Has Meta evaluated the civil liberties risks associated with linking real-time facialrecognition to its social media platforms, including the potential for stalking, harassment, doxxing, or government misuse?

4. Please describe how Meta evaluates and mitigates harmful biases and discrimination in its facial recognition systems:

a. Does Meta test the accuracy and error rates of its facial recognition technology across demographic groups? If so, does Meta publicly disclose those results?

b. What steps does Meta take to ensure its facial recognition systems do not disproportionately harm communities of color, immigrants, religious minorities, 
LGBTQ+ individuals, or other vulnerable populations?

5. Does Meta intend to share biometric data — or any outputs generated by facial recognition features in its smart glasses — with federal, state, or local law-enforcement agencies, including the Department of Homeland Security?",9,2026-03-18,augmentedreality,1,https://www.reddit.com/r/augmentedreality/comments/1rx4wiu/us_senators_press_meta_on_facial_recognition/,Meta smart glasses privacy,us senators press meta on facial recognition plans for smart glasses,"from the letter to meta to help the public better understand meta s plans and privacy policies regarding facial recognition in its smart glasses, please respond in writing to the following questions by april 6, 2026 1. please detail meta s facial recognition and biometric data practices for its smart glasses a. how would meta obtain affirmative express consent from a user to enable facial recognition? b. how would meta obtain affirmative express consent from every individual whose biometric data its smart glasses capture, including bystanders, and other non- users? c. how would meta notify individuals that its smart glasses may collect their biometric data without their consent when they appear in the device s field of view? d. how long would meta retain biometric data collected through its smart glasses products, and what policies govern deletion? e. can individuals both device owners and people whose images the glasses capture request deletion of their biometric data? if so, how does meta ensure timely and complete deletion? f. does meta use biometric data collected through its smart glasses to train machine learning models or improve facial recognition algorithms? if so, how does meta inform individuals and provide an opportunity to opt out? g. has meta conducted any internal privacy impact assessments or commissioned third-party audits of its biometric data practices related to smart glasses facial recognition? 2. please clarify whether meta intends to match faces captured by its smart glasses to any existing databases or user-provided images a. does meta plan to allow users to upload images of known individuals such as friends, family members, coworkers, or public figures to create a personalized database for facial recognition matching? b. if meta intends to support user-uploaded face libraries, how will the company verify that the user obtained informed consent from every individual included in that library? c. does meta plan to match faces captured by its smart glasses to profiles, images, or identifiers stored on meta-owned platforms, including facebook and instagram? d. if meta intends to match captured faces to social media profiles, images, or identifiers, what categories of information would meta display to the user e.g., name, username, profile photo, location, connections, or other personal details ? e. does meta plan to store biometric templates derived from smart glasses captures in a centralized database? if so, will that database connect to any existing meta data systems? 3. please identify any controls that meta intends to provide users to prevent or limit meta s smart glasses from matching them and their profile a. will meta allow smart glasses users to disable any matching between smart glasses captures and meta s broader social media ecosystem? if so, how will meta ensure that the default settings do not enable cross-platform biometric matching without explicit consent? b. will meta allow facebook and instagram users to disable any matching between smart glasses captures and meta s broader social media ecosystem? c. what safeguards will meta implement to prevent unauthorized or covert matching of bystanders faces to social-media profiles or other meta-controlled datasets? d. has meta evaluated the civil liberties risks associated with linking real-time facial recognition to its social media platforms, including the potential for stalking, harassment, doxxing, or government misuse? 4. please describe how meta evaluates and mitigates harmful biases and discrimination in its facial recognition systems a. does meta test the accuracy and error rates of its facial recognition technology across demographic groups? if so, does meta publicly disclose those results? b. what steps does meta take to ensure its facial recognition systems do not disproportionately harm communities of color, immigrants, religious minorities, lgbtq individuals, or other vulnerable populations? 5. does meta intend to share biometric data or any outputs generated by facial recognition features in its smart glasses with federal, state, or local law-enforcement agencies, including the department of homeland security?","us senators press meta on facial recognition plans for smart glasses from the letter to meta to help the public better understand meta s plans and privacy policies regarding facial recognition in its smart glasses, please respond in writing to the following questions by april 6, 2026 1. please detail meta s facial recognition and biometric data practices for its smart glasses a. how would meta obtain affirmative express consent from a user to enable facial recognition? b. how would meta obtain affirmative express consent from every individual whose biometric data its smart glasses capture, including bystanders, and other non- users? c. how would meta notify individuals that its smart glasses may collect their biometric data without their consent when they appear in the device s field of view? d. how long would meta retain biometric data collected through its smart glasses products, and what policies govern deletion? e. can individuals both device owners and people whose images the glasses capture request deletion of their biometric data? if so, how does meta ensure timely and complete deletion? f. does meta use biometric data collected through its smart glasses to train machine learning models or improve facial recognition algorithms? if so, how does meta inform individuals and provide an opportunity to opt out? g. has meta conducted any internal privacy impact assessments or commissioned third-party audits of its biometric data practices related to smart glasses facial recognition? 2. please clarify whether meta intends to match faces captured by its smart glasses to any existing databases or user-provided images a. does meta plan to allow users to upload images of known individuals such as friends, family members, coworkers, or public figures to create a personalized database for facial recognition matching? b. if meta intends to support user-uploaded face libraries, how will the company verify that the user obtained informed consent from every individual included in that library? c. does meta plan to match faces captured by its smart glasses to profiles, images, or identifiers stored on meta-owned platforms, including facebook and instagram? d. if meta intends to match captured faces to social media profiles, images, or identifiers, what categories of information would meta display to the user e.g., name, username, profile photo, location, connections, or other personal details ? e. does meta plan to store biometric templates derived from smart glasses captures in a centralized database? if so, will that database connect to any existing meta data systems? 3. please identify any controls that meta intends to provide users to prevent or limit meta s smart glasses from matching them and their profile a. will meta allow smart glasses users to disable any matching between smart glasses captures and meta s broader social media ecosystem? if so, how will meta ensure that the default settings do not enable cross-platform biometric matching without explicit consent? b. will meta allow facebook and instagram users to disable any matching between smart glasses captures and meta s broader social media ecosystem? c. what safeguards will meta implement to prevent unauthorized or covert matching of bystanders faces to social-media profiles or other meta-controlled datasets? d. has meta evaluated the civil liberties risks associated with linking real-time facial recognition to its social media platforms, including the potential for stalking, harassment, doxxing, or government misuse? 4. please describe how meta evaluates and mitigates harmful biases and discrimination in its facial recognition systems a. does meta test the accuracy and error rates of its facial recognition technology across demographic groups? if so, does meta publicly disclose those results? b. what steps does meta take to ensure its facial recognition systems do not disproportionately harm communities of color, immigrants, religious minorities, lgbtq individuals, or other vulnerable populations? 5. does meta intend to share biometric data or any outputs generated by facial recognition features in its smart glasses with federal, state, or local law-enforcement agencies, including the department of homeland security?",KIQ_3_2,,"US Senators press Meta on facial recognition plans for smart glasses From the letter to Meta:

""To help the public better understand Meta’s plans and privacy policies regarding facial recognition in its smart glasses, please respond in writing to the following questions by April 6, 2026: 

1. Please detail Meta’s facial recognition and biometric data practices for its smart glasses:

a. How would Meta obtain affirmative express consent from a user to enable facial recognition?

b. How would meta obtain affirmative express consent from every individual whose biometric data its smart glasses capture, including bystanders, and other non-
users?

c. How would Meta notify individuals that its smart glasses may collect their biometric data without their consent when they appear in the device’s field of view?

d. How long would Meta retain biometric data collected through its smart glasses products, and what policies govern deletion?

e. Can individuals—both device owners and people whose images the glasses capture—request deletion of their biometric data? If so, how does Meta ensure 
timely and complete deletion?

f. Does Meta use biometric data collected through its smart glasses to train machine learning models or improve facial recognition algorithms? If so, how does Meta inform individuals and provide an opportunity to opt out?

g. Has Meta conducted any internal privacy impact assessments or commissioned third-party audits of its biometric data practices related to smart glasses facial recognition?

2. Please clarify whether Meta intends to match faces captured by its smart glasses to any existing databases or user-provided images:

a. Does Meta plan to allow users to upload images of known individuals — such as friends, family members, coworkers, or public figures — to create a personalized 
database for facial recognition matching?

b. If Meta intends to support user-uploaded face libraries, how will the company verify that the user obtained informed consent from every individual included in that library?

c. Does Meta plan to match faces captured by its smart glasses to profiles, images, or identifiers stored on Meta-owned platforms, including Facebook and Instagram?

d. If Meta intends to match captured faces to social media profiles, images, or identifiers, what categories of information would Meta display to the user (e.g., 
name, username, profile photo, location, connections, or other personal details)?

e. Does Meta plan to store biometric templates derived from smart glasses captures in a centralized database? If so, will that database connect to any existing Meta 
data systems?

3. Please identify any controls that Meta intends to provide users to prevent or limit Meta’s smart glasses from matching them and their profile:

a. Will Meta allow smart glasses users to disable any matching between smart glasses captures and Meta’s broader social media ecosystem? If so, how will Meta
ensure that the default settings do not enable cross-platform biometric matching without explicit consent?

b. Will Meta allow Facebook and Instagram users to disable any matching between smart glasses captures and Meta’s broader social media ecosystem? 

c. What safeguards will Meta implement to prevent unauthorized or covert matchingof bystanders’ faces to social-media profiles or other Meta-controlled datasets?

d. Has Meta evaluated the civil liberties risks associated with linking real-time facialrecognition to its social media platforms, including the potential for stalking, harassment, doxxing, or government misuse?

4. Please describe how Meta evaluates and mitigates harmful biases and discrimination in its facial recognition systems:

a. Does Meta test the accuracy and error rates of its facial recognition technology across demographic groups? If so, does Meta publicly disclose those results?

b. What steps does Meta take to ensure its facial recognition systems do not disproportionately harm communities of color, immigrants, religious minorities, 
LGBTQ+ individuals, or other vulnerable populations?

5. Does Meta intend to share biometric data — or any outputs generated by facial recognition features in its smart glasses — with federal, state, or local law-enforcement agencies, including the Department of Homeland Security?",True,negative,-0.7,The post details intense scrutiny and privacy concerns regarding Meta's facial recognition plans.
1pbnmx3,Why Live Streaming was allegedly removed,"So as I said in the title ""Allegedly"" the story goes is two cool guys figured away to dox people in real time using meta glasses with two services. 

Included the source as well.

[https://www.youtube.com/watch?v=S6pYBEYRRaE](https://www.youtube.com/watch?v=S6pYBEYRRaE)

[https://news.sky.com/story/students-adapt-metas-smart-glasses-to-dox-strangers-in-real-time-13227034](https://news.sky.com/story/students-adapt-metas-smart-glasses-to-dox-strangers-in-real-time-13227034)

[https://spacesecurity.wse.jhu.edu/2024/10/05/smart-glasses-leads-to-real-time-doxxing/](https://spacesecurity.wse.jhu.edu/2024/10/05/smart-glasses-leads-to-real-time-doxxing/)

[https://www.nytimes.com/2024/10/24/technology/facial-recognition-glasses-privacy-harvard.html](https://www.nytimes.com/2024/10/24/technology/facial-recognition-glasses-privacy-harvard.html)",20,2025-12-01,RaybanMeta,10,https://www.reddit.com/r/RaybanMeta/comments/1pbnmx3/why_live_streaming_was_allegedly_removed/,Meta smart glasses privacy,why live streaming was allegedly removed,so as i said in the title allegedly the story goes is two cool guys figured away to dox people in real time using meta glasses with two services. included the source as well.,why live streaming was allegedly removed so as i said in the title allegedly the story goes is two cool guys figured away to dox people in real time using meta glasses with two services. included the source as well.,KIQ_3_2,,"Why Live Streaming was allegedly removed So as I said in the title ""Allegedly"" the story goes is two cool guys figured away to dox people in real time using meta glasses with two services. 

Included the source as well.

[https://www.youtube.com/watch?v=S6pYBEYRRaE](https://www.youtube.com/watch?v=S6pYBEYRRaE)

[https://news.sky.com/story/students-adapt-metas-smart-glasses-to-dox-strangers-in-real-time-13227034](https://news.sky.com/story/students-adapt-metas-smart-glasses-to-dox-strangers-in-real-time-13227034)

[https://spacesecurity.wse.jhu.edu/2024/10/05/smart-glasses-leads-to-real-time-doxxing/](https://spacesecurity.wse.jhu.edu/2024/10/05/smart-glasses-leads-to-real-time-doxxing/)

[https://www.nytimes.com/2024/10/24/technology/facial-recognition-glasses-privacy-harvard.html](https://www.nytimes.com/2024/10/24/technology/facial-recognition-glasses-privacy-harvard.html)",True,negative,-0.8,The post discusses the misuse of Meta glasses' facial recognition capabilities for real-time doxxing.
1kbchf0,PSA if you care about privacy on Meta Smart Glasses By Rayban (Luxottica),,1,2025-04-30,Android,1,https://www.reddit.com/r/Android/comments/1kbchf0/psa_if_you_care_about_privacy_on_meta_smart/,Meta smart glasses privacy,psa if you care about privacy on meta smart glasses by rayban luxottica,,psa if you care about privacy on meta smart glasses by rayban luxottica,KIQ_3_2,,PSA if you care about privacy on Meta Smart Glasses By Rayban (Luxottica),True,negative,-0.7,"The title explicitly raises a privacy concern regarding Meta Smart Glasses, suggesting negative sentiment toward the technology."
