subreddit,brand,n
Android,apple,5
Android,google,18
Android,meta,10
Android,xreal,5
Futurology,apple,4
Futurology,google,23
Futurology,meta,44
Futurology,snap,2
Futurology,xreal,1
RaybanMeta,apple,30
RaybanMeta,google,30
RaybanMeta,meta,377
RaybanMeta,snap,8
RaybanMeta,xiaomi,9
SmartGlasses,apple,11
SmartGlasses,google,21
SmartGlasses,meta,100
SmartGlasses,snap,3
SmartGlasses,xiaomi,5
SmartGlasses,xreal,28
Spectacles,snap,2
Xreal,apple,25
Xreal,google,26
Xreal,meta,11
Xreal,snap,2
Xreal,xiaomi,1
Xreal,xreal,602
apple,apple,199
apple,google,41
apple,meta,143
apple,snap,8
apple,xreal,6
augmentedreality,apple,85
augmentedreality,google,83
augmentedreality,meta,256
augmentedreality,snap,38
augmentedreality,xiaomi,13
augmentedreality,xreal,267
gadgets,apple,45
gadgets,google,9
gadgets,meta,31
gadgets,xreal,11
hardware,apple,3
hardware,meta,7
oculus,xreal,2
privacy,apple,3
privacy,google,13
privacy,meta,32
technology,apple,9
technology,google,9
technology,meta,60
technology,snap,1
technology,xreal,1
